Workbook

Sheet 数据源
A1: 产品品名 | B1: 产品英文名 | C1: PO号 | D1: 总外箱数 | E1: TPNB | F1: TPND | G1: ITF | H1: category | I1: EAN | J1: 外箱装量 | K1: 内盒装量 | L1: CEORMSNO | M1: SKU | N1: VSN | O1: 毛重 | P1: 净重 | Q1: 外箱长 | R1: 外箱宽 | S1: 外箱高 | T1: 订单国家 | U1: CON不加粗 | V1: CON加粗 | W1: CON | X1: 外箱BD号 | Y1: 外箱尺寸 | Z1: 双人抬标识 | AA1: BL | AB1: ITF加空格 | AC1: BD条码号 | AD1: BD条码号加空格 | AE1: 节日logo | AF1: 胶带颜色 | AG1: 是否有CDU | AH1: 有CDU加印文字 | AI1: 内盒是否直接接触CDU | AJ1: 有CDU加印文字内盒版 | AK1: 是否要做外箱 | AL1: 外箱文件命名列 | AM1: 是否要做内盒 | AN1: 内盒文件命名列 | AO1: 是否需要ITF-UK | AP1: ITF_UK命名 | AQ1: 是否需要ITF-CE | AR1: ITF_CE命名 | AS1: 是否要做BD | AT1: BD命名
A2: 相思木黑陶瓷碗套装 | B2: F&F Home Acacia Wooden Tray with 3 bowls black | C2: 380-68804 | D2: 845 | E2: 099065895 | F2: 000384156 | G2: 05063638227053 | H2: Cook & Dining | I2: 5063638226940 | J2: 6 | K2: 6 | N2: ST1238-TESCO | O2: 8 | P2: 7 | Q2: 41 | R2: 27 | S2: 25 | T2: =IF(LEFT(C2,3)="380","UK",IF(LEFT(C2,3)="999","CE",IF(LEFT(C2,3)="520","Ireland",""))) -> UK | U2: =LEFT(L2,8) | V2: =RIGHT(L2,5) | W2: =L2 -> 0 | X2: =IFERROR(IF(J2/K2=1," ","B/D "&J2/K2),"") | Y2: =Q2&"*"&R2&"*"&S2&"cm" -> 41*27*25cm | Z2: =IF(OR(AND(LEFT(C2,3)="380",O2>23),AND(LEFT(C2,3)="999",O2>14)),"双人抬","") | AA2: =IFERROR(IF(OR(ISNUMBER(SEARCH("Go Cook",SUBSTITUTE(B2,_xludf.UNICHAR(160)," "))),ISNUMBER(SEARCH("Tesco",SUBSTITUTE(B2,_xludf.UNICHAR(160)," ")))),"Tesco",IF(ISNUMBER(SEARCH("F&F Home",SUBSTITUTE(B2,_xludf.UNICHAR(160)," "))),"FF","")),"") | AB2: =LEFT(G2,3)&" "&MID(G2,4,5)&" "&RIGHT(G2,6) -> 050 63638 227053 | AC2: =IF(J2=K2,"",IFERROR("02"&G2&"37"&TEXT(J2/K2,"00"),"")) | AD2: =IF(AC2="","",LEFT(AC2,2)&" "&MID(AC2,3,14)&" "&MID(AC2,17,2)&" "&RIGHT(AC2,2)) | AF2: =IF(AE2=""," ",_xlfn.XLOOKUP(AE2,选项字典!$A$2:$A$8,选项字典!$B$2:$B$8,"")&"胶带用于上口封箱") | AH2: =IF(AG2="Y","Slit tape at base, lift off lid display full tray on shelf","") | AJ2: =IF(AI2="Y","Slit tape at base, lift off lid display full tray on shelf","") | AK2: Y | AL2: =IF(AK2="Y",C2&A2&D2&"个外箱","") -> 380-68804相思木黑陶瓷碗套装845个外箱 | AM2: Y | AN2: =IF(AND(AM2="Y",K2<>J2),"内盒-"&A2,"") | AO2: Y | AP2: =IF(AO2="Y","ITF-UK-"&A2&"-"&B2,"") -> ITF-UK-相思木黑陶瓷碗套装-F&F Home Acacia Wooden Tray with 3 bowls black | AQ2: N | AR2: =IF(AQ2="Y","ITF-CE-"&A2&"-"&B2,"") | AS2: Y | AT2: =IF(AND(AS2="Y",AC2<>""),"BD-"&A2,"")
A3: 黑色三层置物架 | B3: F&F Home 3 Tier Corner Caddy | C3: 380-20449 | D3: 477 | E3: 097053267 | F3: 048442389 | G3: 05063446520780 | H3: Homeshop | I3: 5063446520582 | J3: 4 | K3: 4 | N3: BA2360-TESCO | O3: 7.2 | P3: 6.24 | Q3: 47 | R3: 47 | S3: 51.5 | T3: =IF(LEFT(C3,3)="380","UK",IF(LEFT(C3,3)="999","CE",IF(LEFT(C3,3)="520","Ireland",""))) -> UK | U3: =LEFT(L3,8) | V3: =RIGHT(L3,5) | W3: =L3 -> 0 | X3: =IFERROR(IF(J3/K3=1," ","B/D "&J3/K3),"") | Y3: =Q3&"*"&R3&"*"&S3&"cm" -> 47*47*51.5cm | Z3: =IF(OR(AND(LEFT(C3,3)="380",O3>23),AND(LEFT(C3,3)="999",O3>14)),"双人抬","") | AA3: =IFERROR(IF(OR(ISNUMBER(SEARCH("Go Cook",SUBSTITUTE(B3,_xludf.UNICHAR(160)," "))),ISNUMBER(SEARCH("Tesco",SUBSTITUTE(B3,_xludf.UNICHAR(160)," ")))),"Tesco",IF(ISNUMBER(SEARCH("F&F Home",SUBSTITUTE(B3,_xludf.UNICHAR(160)," "))),"FF","")),"") | AB3: =LEFT(G3,3)&" "&MID(G3,4,5)&" "&RIGHT(G3,6) -> 050 63446 520780 | AC3: =IF(J3=K3,"",IFERROR("02"&G3&"37"&TEXT(J3/K3,"00"),"")) | AD3: =IF(AC3="","",LEFT(AC3,2)&" "&MID(AC3,3,14)&" "&MID(AC3,17,2)&" "&RIGHT(AC3,2)) | AF3: =IF(AE3=""," ",_xlfn.XLOOKUP(AE3,选项字典!$A$2:$A$8,选项字典!$B$2:$B$8,"")&"胶带用于上口封箱") | AH3: =IF(AG3="Y","Slit tape at base, lift off lid display full tray on shelf","") | AJ3: =IF(AI3="Y","Slit tape at base, lift off lid display full tray on shelf","") | AK3: Y | AL3: =IF(AK3="Y",C3&A3&D3&"个外箱","") -> 380-20449黑色三层置物架477个外箱 | AM3: Y | AN3: =IF(AND(AM3="Y",K3<>J3),"内盒-"&A3,"") | AO3: Y | AP3: =IF(AO3="Y","ITF-UK-"&A3&"-"&B3,"") -> ITF-UK-黑色三层置物架-F&F Home 3 Tier Corner Caddy | AQ3: N | AR3: =IF(AQ3="Y","ITF-CE-"&A3&"-"&B3,"") | AS3: Y | AT3: =IF(AND(AS3="Y",AC3<>""),"BD-"&A3,"")
A4: 黑色三层置物架 | B4: F&F Home 3 Tier Corner Caddy | C4: 380-20450 | D4: 105 | E4: 097053267 | F4: 048442389 | G4: 05063446520780 | H4: Homeshop | I4: 5063446520582 | J4: 4 | K4: 4 | N4: BA2360-TESCO | O4: 7.2 | P4: 6.24 | Q4: 47 | R4: 47 | S4: 51.5 | T4: =IF(LEFT(C4,3)="380","UK",IF(LEFT(C4,3)="999","CE",IF(LEFT(C4,3)="520","Ireland",""))) -> UK | U4: =LEFT(L4,8) | V4: =RIGHT(L4,5) | W4: =L4 -> 0 | X4: =IFERROR(IF(J4/K4=1," ","B/D "&J4/K4),"") | Y4: =Q4&"*"&R4&"*"&S4&"cm" -> 47*47*51.5cm | Z4: =IF(OR(AND(LEFT(C4,3)="380",O4>23),AND(LEFT(C4,3)="999",O4>14)),"双人抬","") | AA4: =IFERROR(IF(OR(ISNUMBER(SEARCH("Go Cook",SUBSTITUTE(B4,_xludf.UNICHAR(160)," "))),ISNUMBER(SEARCH("Tesco",SUBSTITUTE(B4,_xludf.UNICHAR(160)," ")))),"Tesco",IF(ISNUMBER(SEARCH("F&F Home",SUBSTITUTE(B4,_xludf.UNICHAR(160)," "))),"FF","")),"") | AB4: =LEFT(G4,3)&" "&MID(G4,4,5)&" "&RIGHT(G4,6) -> 050 63446 520780 | AC4: =IF(J4=K4,"",IFERROR("02"&G4&"37"&TEXT(J4/K4,"00"),"")) | AD4: =IF(AC4="","",LEFT(AC4,2)&" "&MID(AC4,3,14)&" "&MID(AC4,17,2)&" "&RIGHT(AC4,2)) | AF4: =IF(AE4=""," ",_xlfn.XLOOKUP(AE4,选项字典!$A$2:$A$8,选项字典!$B$2:$B$8,"")&"胶带用于上口封箱") | AH4: =IF(AG4="Y","Slit tape at base, lift off lid display full tray on shelf","") | AJ4: =IF(AI4="Y","Slit tape at base, lift off lid display full tray on shelf","") | AK4: Y | AL4: =IF(AK4="Y",C4&A4&D4&"个外箱","") -> 380-20450黑色三层置物架105个外箱 | AM4: Y | AN4: =IF(AND(AM4="Y",K4<>J4),"内盒-"&A4,"") | AO4: Y | AP4: =IF(AO4="Y","ITF-UK-"&A4&"-"&B4,"") -> ITF-UK-黑色三层置物架-F&F Home 3 Tier Corner Caddy | AQ4: N | AR4: =IF(AQ4="Y","ITF-CE-"&A4&"-"&B4,"") | AS4: Y | AT4: =IF(AND(AS4="Y",AC4<>""),"BD-"&A4,"")
A5: 不锈钢刮皮刀 | B5: Go Cook Beechwood S/Steel Y Peeler | C5: 999-88153 | D5: 16 | E5: 096171975 | F5: 048625185 | G5: 05063446647500 | H5: CH HOME | I5: 5063250558689 | J5: 96 | K5: 6 | L5: 2005101001984 | M5: 122991312 | N5: ST1864-TESCO | O5: 6.7 | P5: 6.1 | Q5: 45 | R5: 17.5 | S5: 38 | T5: =IF(LEFT(C5,3)="380","UK",IF(LEFT(C5,3)="999","CE",IF(LEFT(C5,3)="520","Ireland",""))) -> CE | U5: =LEFT(L5,8) -> 20051010 | V5: =RIGHT(L5,5) -> 01984 | W5: =L5 -> 2005101001984 | X5: =IFERROR(IF(J5/K5=1," ","B/D "&J5/K5),"") -> B/D 16 | Y5: =Q5&"*"&R5&"*"&S5&"cm" -> 45*17.5*38cm | Z5: =IF(OR(AND(LEFT(C5,3)="380",O5>23),AND(LEFT(C5,3)="999",O5>14)),"双人抬","") | AA5: =IFERROR(IF(OR(ISNUMBER(SEARCH("Go Cook",SUBSTITUTE(B5,_xludf.UNICHAR(160)," "))),ISNUMBER(SEARCH("Tesco",SUBSTITUTE(B5,_xludf.UNICHAR(160)," ")))),"Tesco",IF(ISNUMBER(SEARCH("F&F Home",SUBSTITUTE(B5,_xludf.UNICHAR(160)," "))),"FF","")),"") | AB5: =LEFT(G5,3)&" "&MID(G5,4,5)&" "&RIGHT(G5,6) -> 050 63446 647500 | AC5: =IF(J5=K5,"",IFERROR("02"&G5&"37"&TEXT(J5/K5,"00"),"")) -> 02050634466475003716 | AD5: =IF(AC5="","",LEFT(AC5,2)&" "&MID(AC5,3,14)&" "&MID(AC5,17,2)&" "&RIGHT(AC5,2)) -> 02 05063446647500 37 16 | AF5: =IF(AE5=""," ",_xlfn.XLOOKUP(AE5,选项字典!$A$2:$A$8,选项字典!$B$2:$B$8,"")&"胶带用于上口封箱") | AH5: =IF(AG5="Y","Slit tape at base, lift off lid display full tray on shelf","") | AJ5: =IF(AI5="Y","Slit tape at base, lift off lid display full tray on shelf","") | AK5: Y | AL5: =IF(AK5="Y",C5&A5&D5&"个外箱","") -> 999-88153不锈钢刮皮刀16个外箱 | AM5: Y | AN5: =IF(AND(AM5="Y",K5<>J5),"内盒-"&A5,"") -> 内盒-不锈钢刮皮刀 | AO5: Y | AP5: =IF(AO5="Y","ITF-UK-"&A5&"-"&B5,"") -> ITF-UK-不锈钢刮皮刀-Go Cook Beechwood S/Steel Y Peeler | AQ5: N | AR5: =IF(AQ5="Y","ITF-CE-"&A5&"-"&B5,"") | AS5: Y | AT5: =IF(AND(AS5="Y",AC5<>""),"BD-"&A5,"") -> BD-不锈钢刮皮刀
A6: 不锈钢刮皮刀 | B6: Go Cook Beechwood S/Steel Y Peeler | C6: 380-66384 | D6: 63 | E6: 096171975 | F6: 048625185 | G6: 05063446647500 | H6: Cook & Dining | I6: 5063250558689 | J6: 96 | K6: 6 | L6: 2005100959175 | M6: 122645796 | N6: ST1864-TESCO | O6: 6.7 | P6: 6.1 | Q6: 45 | R6: 17.5 | S6: 38 | T6: =IF(LEFT(C6,3)="380","UK",IF(LEFT(C6,3)="999","CE",IF(LEFT(C6,3)="520","Ireland",""))) -> UK | U6: =LEFT(L6,8) -> 20051009 | V6: =RIGHT(L6,5) -> 59175 | W6: =L6 -> 2005100959175 | X6: =IFERROR(IF(J6/K6=1," ","B/D "&J6/K6),"") -> B/D 16 | Y6: =Q6&"*"&R6&"*"&S6&"cm" -> 45*17.5*38cm | Z6: =IF(OR(AND(LEFT(C6,3)="380",O6>23),AND(LEFT(C6,3)="999",O6>14)),"双人抬","") | AA6: =IFERROR(IF(OR(ISNUMBER(SEARCH("Go Cook",SUBSTITUTE(B6,_xludf.UNICHAR(160)," "))),ISNUMBER(SEARCH("Tesco",SUBSTITUTE(B6,_xludf.UNICHAR(160)," ")))),"Tesco",IF(ISNUMBER(SEARCH("F&F Home",SUBSTITUTE(B6,_xludf.UNICHAR(160)," "))),"FF","")),"") | AB6: =LEFT(G6,3)&" "&MID(G6,4,5)&" "&RIGHT(G6,6) -> 050 63446 647500 | AC6: =IF(J6=K6,"",IFERROR("02"&G6&"37"&TEXT(J6/K6,"00"),"")) -> 02050634466475003716 | AD6: =IF(AC6="","",LEFT(AC6,2)&" "&MID(AC6,3,14)&" "&MID(AC6,17,2)&" "&RIGHT(AC6,2)) -> 02 05063446647500 37 16 | AF6: =IF(AE6=""," ",_xlfn.XLOOKUP(AE6,选项字典!$A$2:$A$8,选项字典!$B$2:$B$8,"")&"胶带用于上口封箱") | AH6: =IF(AG6="Y","Slit tape at base, lift off lid display full tray on shelf","") | AJ6: =IF(AI6="Y","Slit tape at base, lift off lid display full tray on shelf","") | AK6: Y | AL6: =IF(AK6="Y",C6&A6&D6&"个外箱","") -> 380-66384不锈钢刮皮刀63个外箱 | AM6: Y | AN6: =IF(AND(AM6="Y",K6<>J6),"内盒-"&A6,"") -> 内盒-不锈钢刮皮刀 | AO6: Y | AP6: =IF(AO6="Y","ITF-UK-"&A6&"-"&B6,"") -> ITF-UK-不锈钢刮皮刀-Go Cook Beechwood S/Steel Y Peeler | AQ6: N | AR6: =IF(AQ6="Y","ITF-CE-"&A6&"-"&B6,"") | AS6: Y | AT6: =IF(AND(AS6="Y",AC6<>""),"BD-"&A6,"") -> BD-不锈钢刮皮刀

Sheet 选项字典
A1: 节日logo | B1: 胶带颜色
A2: Halloween | B2: 橙色
A3: Christmas | B3: 请与客户确认
A4: Valentines | B4: 红色
A5: Mother’s Day | B5: 红色
A6: Father’s Day | B6: 红色
A7: Easter | B7: 红色
A8: Gardening | B8: 绿色

Sheet 填写说明
A1: • 颜色含义：绿色=你手填的数据；橙色=公式列（Excel 自动算，请勿手改）；黄色=人工选择（下拉 Y/N 或节日）。
A2: • 务必用 Excel 打开填写并保存，让公式先算好，再上传网站（网站读取的是公式算出的值）。
A3: • 带前导 0 的号码（如 ITF、CEORMSNO）已设为文本格式，不会丢 0。
A4: • 每行开关：是否要做外箱/内盒、是否需要ITF-UK/ITF-CE、是否要做BD，填 Y 才生成对应标签。
A5: • 命名自动生成：外箱=PO+品名+总箱数+个外箱；内盒=内盒-品名；ITF=ITF-UK/CE-品名-英文名；BD=BD-品名。
A6: • BD条码号与外箱BD号由装量自动计算（外箱装量=内盒装量时不产生BD）。
A7: • 内盒装量=外箱装量时视为无内盒，自动不生成内盒标（即使勾了是否要做内盒=Y）。
